City_ID,City,Lat,Lng,Max Temp,Humidity,Cloudiness,Wind Speed,Country,Date
0,Staryy Nadym,65.6118,72.6842,271.57,87,100,2.78,RU,2021-04-03 18:23:22
1,Rikitea,-23.1203,-134.9692,298.39,65,72,6.65,PF,2021-04-03 18:23:23
2,Callaway,30.153,-85.5699,291.48,30,7,1.34,US,2021-04-03 18:23:23
3,Broken Hill,-31.95,141.4333,290.15,51,3,2.57,AU,2021-04-03 18:23:23
4,Punta Arenas,-53.15,-70.9167,280.15,76,75,13.38,CL,2021-04-03 18:23:24
5,Bandarbeyla,9.4942,50.8122,299.91,74,38,3.55,SO,2021-04-03 18:23:24
6,Taywarah,33.35,64.4167,283.0,52,100,1.76,AF,2021-04-03 18:23:24
7,Pundaguitan,6.3711,126.1689,300.91,76,96,5.16,PH,2021-04-03 18:23:25
8,Sulya,12.5667,75.3833,300.15,69,20,2.06,IN,2021-04-03 18:23:25
9,Odesskoye,54.2111,72.9651,266.33,89,30,3.85,RU,2021-04-03 18:21:20
10,Hobart,-42.8794,147.3294,289.15,44,75,4.63,AU,2021-04-03 18:12:24
11,Baraboo,43.4711,-89.7443,292.59,31,1,4.12,US,2021-04-03 18:18:58
12,Valparaiso,-33.0393,-71.6273,286.15,100,90,2.57,CL,2021-04-03 18:23:26
13,Oranzherei,45.8476,47.5663,285.15,50,87,4.0,RU,2021-04-03 18:23:26
14,Mabopane,-25.4977,28.1007,295.93,59,25,0.51,ZA,2021-04-03 18:23:26
15,Chuy,-33.6971,-53.4616,296.63,53,34,4.58,UY,2021-04-03 18:23:27
16,Yellowknife,62.456,-114.3525,257.04,66,20,2.06,CA,2021-04-03 18:23:27
17,Kaitangata,-46.2817,169.8464,289.82,49,80,6.26,NZ,2021-04-03 18:23:28
18,Bereda,43.2686,-7.5406,283.15,87,6,8.49,ES,2021-04-03 18:23:28
19,Ushuaia,-54.8,-68.3,276.15,100,90,11.83,AR,2021-04-03 18:19:47
20,Walvis Bay,-22.9575,14.5053,297.15,50,15,1.54,NA,2021-04-03 18:23:28
21,Port Alfred,-33.5906,26.891,291.41,73,33,7.54,ZA,2021-04-03 18:21:00
22,Uribia,11.7139,-72.266,305.1,46,100,8.12,CO,2021-04-03 18:23:29
23,Vaini,-21.2,-175.2,297.15,88,90,8.23,TO,2021-04-03 18:23:29
24,Dafeng,23.4517,108.5881,293.22,83,78,2.51,CN,2021-04-03 18:23:29
25,Provideniya,64.3833,-173.3,258.43,92,99,4.49,RU,2021-04-03 18:23:30
26,Seddon,-37.8068,144.8916,292.15,63,0,2.06,AU,2021-04-03 18:23:30
27,Coquimbo,-29.9533,-71.3436,289.15,82,75,6.17,CL,2021-04-03 18:23:31
28,Lander,42.833,-108.7307,290.37,17,1,2.06,US,2021-04-03 18:22:46
29,Buraydah,26.326,43.975,293.15,30,40,4.63,SA,2021-04-03 18:18:52
30,Busselton,-33.65,115.3333,289.82,90,100,6.06,AU,2021-04-03 18:20:15
31,Avarua,-21.2078,-159.775,300.15,83,40,3.6,CK,2021-04-03 18:23:31
32,Chokurdakh,70.6333,147.9167,241.19,100,51,1.98,RU,2021-04-03 18:23:31
33,Arman,59.7,150.1667,264.98,70,100,6.35,RU,2021-04-03 18:23:32
34,Kupang,-10.1667,123.5833,297.78,95,100,7.01,ID,2021-04-03 18:23:32
35,Katangli,51.7102,143.2326,268.74,77,73,11.44,RU,2021-04-03 18:23:33
36,Cape Town,-33.9258,18.4232,294.26,77,0,3.09,ZA,2021-04-03 18:22:36
37,Gayny,60.3071,54.3241,273.47,99,100,1.93,RU,2021-04-03 18:23:33
38,Burns Lake,54.2331,-125.7533,275.15,69,100,4.12,CA,2021-04-03 18:23:33
39,Kukmor,56.1855,50.8944,273.8,98,100,3.17,RU,2021-04-03 18:23:34
40,Primero De Marzo,-25.153,-56.928,305.15,37,0,2.57,PY,2021-04-03 18:23:34
41,Astana,51.1801,71.446,274.15,69,0,6.0,KZ,2021-04-03 18:23:35
42,Belyy Yar,53.6039,91.3903,274.15,55,0,3.0,RU,2021-04-03 18:23:35
43,Prado,-17.3411,-39.2208,300.03,72,87,3.96,BR,2021-04-03 18:23:35
44,La Ronge,55.1001,-105.2842,279.15,36,40,2.57,CA,2021-04-03 18:23:36
45,Upernavik,72.7868,-56.1549,249.45,85,28,2.84,GL,2021-04-03 18:23:36
46,Namatanai,-3.6667,152.4333,299.47,78,73,1.68,PG,2021-04-03 18:23:36
47,Jabinyanah,35.035,10.9081,292.15,68,20,5.66,TN,2021-04-03 18:23:37
48,Tasiilaq,65.6145,-37.6368,270.15,54,20,7.72,GL,2021-04-03 18:23:37
49,Kapaa,22.0752,-159.319,296.15,73,1,7.72,US,2021-04-03 18:18:45
50,Tuatapere,-46.1333,167.6833,289.82,58,6,6.71,NZ,2021-04-03 18:23:37
51,Baykit,61.67,96.37,267.72,98,100,0.75,RU,2021-04-03 18:23:38
52,Esperance,-33.8667,121.9,290.15,77,90,5.14,AU,2021-04-03 18:23:38
53,Hermanus,-34.4187,19.2345,290.93,78,3,0.36,ZA,2021-04-03 18:23:38
54,Garhi Khairo,28.0606,67.9803,303.82,8,0,3.44,PK,2021-04-03 18:23:39
55,Saint-Augustin,51.226,-58.6502,274.93,99,100,2.23,CA,2021-04-03 18:23:39
56,Barrow,71.2906,-156.7887,242.15,83,1,3.09,US,2021-04-03 18:23:40
57,Roald,62.5833,6.1333,279.26,81,90,9.26,NO,2021-04-03 18:23:40
58,Atar,20.5169,-13.0499,314.15,13,75,4.12,MR,2021-04-03 18:23:40
59,Yar-Sale,66.8333,70.8333,264.12,99,77,3.62,RU,2021-04-03 18:23:40
60,Bengkulu,-3.8004,102.2655,298.39,83,85,6.31,ID,2021-04-03 18:23:41
61,Rolla,37.9514,-91.7713,293.15,30,1,5.66,US,2021-04-03 18:23:41
62,Victoria,22.2855,114.1577,299.82,82,10,1.55,HK,2021-04-03 18:19:32
63,Mataura,-46.1927,168.8643,289.82,58,21,6.71,NZ,2021-04-03 18:23:42
64,Mikhaylovka,50.06,43.2379,282.04,90,100,4.02,RU,2021-04-03 18:23:42
65,Qaanaaq,77.484,-69.3632,249.29,84,100,4.14,GL,2021-04-03 18:23:42
66,Chizhou,30.6578,117.4831,284.35,91,100,2.54,CN,2021-04-03 18:23:43
67,Lanzhou,36.0564,103.7922,281.48,99,100,0.89,CN,2021-04-03 18:23:43
68,Port Hardy,50.6996,-127.4199,279.15,87,90,2.06,CA,2021-04-03 18:23:43
69,Fortuna,40.5982,-124.1573,283.71,87,90,1.54,US,2021-04-03 18:23:44
70,Zaykovo,57.5613,62.7568,274.27,85,100,4.39,RU,2021-04-03 18:23:44
71,Kruisfontein,-34.0033,24.7314,292.04,77,32,1.34,ZA,2021-04-03 18:23:45
72,Butaritari,3.0707,172.7902,301.11,78,45,7.21,KI,2021-04-03 18:23:45
73,Bluff,-46.6,168.3333,289.82,58,36,6.71,NZ,2021-04-03 18:23:45
74,East London,-33.0153,27.9116,291.15,72,0,3.09,ZA,2021-04-03 18:20:57
75,Puerto Ayora,-0.7393,-90.3518,302.15,70,20,3.6,EC,2021-04-03 18:23:46
76,Ponta Do Sol,32.6667,-17.1,289.82,63,75,2.24,PT,2021-04-03 18:23:46
77,Isangel,-19.55,169.2667,299.19,84,97,6.42,VU,2021-04-03 18:23:48
78,Bodden Town,19.2833,-81.25,301.15,61,75,8.23,KY,2021-04-03 18:23:49
79,Nikolskoye,59.7035,30.7861,275.37,75,40,3.0,RU,2021-04-03 18:23:49
80,Lorengau,-2.0226,147.2712,299.24,81,100,2.75,PG,2021-04-03 18:23:49
81,Grajau,-5.8194,-46.1386,302.85,73,40,0.81,BR,2021-04-03 18:23:50
82,Kavieng,-2.5744,150.7967,300.73,75,72,1.82,PG,2021-04-03 18:23:50
83,Mar Del Plata,-38.0023,-57.5575,298.15,53,40,2.57,AR,2021-04-03 18:23:50
84,Manado,1.487,124.8455,298.15,94,20,0.51,ID,2021-04-03 18:23:51
85,Vao,-22.6667,167.4833,297.48,79,100,11.99,NC,2021-04-03 18:23:51
86,Airai,-8.9266,125.4092,289.51,95,100,2.68,TL,2021-04-03 18:23:52
87,Albany,42.6001,-73.9662,283.15,18,2,3.62,US,2021-04-03 18:19:39
88,Torbay,47.6666,-52.7314,281.48,87,90,6.17,CA,2021-04-03 18:23:52
89,Hasaki,35.7333,140.8333,287.59,88,0,1.54,JP,2021-04-03 18:23:52
90,Castro,-24.7911,-50.0119,296.4,53,30,2.14,BR,2021-04-03 18:23:53
91,Takestan,36.0696,49.6959,281.15,53,0,2.06,IR,2021-04-03 18:23:53
92,Axim,4.8699,-2.2405,300.72,81,57,3.9,GH,2021-04-03 18:23:54
93,Kollam,8.8833,76.6,302.15,70,20,3.6,IN,2021-04-03 18:23:54
94,Makuyuni,-4.7333,38.1,296.56,85,99,2.55,TZ,2021-04-03 18:23:54
95,Luanda,-8.8368,13.2343,299.15,94,90,2.06,AO,2021-04-03 18:11:11
96,Hami,42.8,93.45,285.46,12,100,2.13,CN,2021-04-03 18:19:24
97,Bay Roberts,47.5999,-53.2648,284.26,87,90,6.17,CA,2021-04-03 18:23:55
98,Saldanha,-33.0117,17.9442,292.15,72,12,5.14,ZA,2021-04-03 18:23:55
99,Ler,8.3018,30.1418,306.23,17,75,2.43,SS,2021-04-03 18:23:56
100,Hithadhoo,-0.6,73.0833,302.01,74,68,7.59,MV,2021-04-03 18:23:56
101,Arraial Do Cabo,-22.9661,-42.0278,301.15,69,20,6.69,BR,2021-04-03 18:23:56
102,Ulladulla,-35.35,150.4667,291.15,88,0,3.6,AU,2021-04-03 18:23:57
103,Paranagua,-25.52,-48.5092,295.37,73,75,6.17,BR,2021-04-03 18:23:57
104,Pevek,69.7008,170.3133,241.25,99,89,1.19,RU,2021-04-03 18:23:57
105,Coihaique,-45.5752,-72.0662,289.15,48,75,4.63,CL,2021-04-03 18:23:58
106,Tambura,5.6,27.4667,300.67,25,71,1.65,SS,2021-04-03 18:23:58
107,Kulhudhuffushi,6.6221,73.07,301.94,67,18,5.36,MV,2021-04-03 18:23:59
108,Alugan,12.2188,125.4808,300.02,74,86,4.36,PH,2021-04-03 18:23:59
109,Concordia,-31.393,-58.0209,300.37,47,75,3.09,AR,2021-04-03 18:23:59
110,Tuktoyaktuk,69.4541,-133.0374,249.15,70,40,1.54,CA,2021-04-03 18:23:59
111,Aklavik,68.2191,-135.0107,252.15,71,90,4.12,CA,2021-04-03 18:24:00
112,Carnarvon,-24.8667,113.6333,299.15,83,0,6.17,AU,2021-04-03 18:24:00
113,Oktyabrskoye,43.0645,44.7417,284.15,76,90,1.0,RU,2021-04-03 18:24:00
114,Jamestown,42.097,-79.2353,281.48,28,75,5.66,US,2021-04-03 18:23:15
115,Ribeira Grande,38.5167,-28.7,290.15,94,75,9.26,PT,2021-04-03 18:24:01
116,Laguna,38.421,-121.4238,290.37,51,1,5.14,US,2021-04-03 18:24:01
117,Sembe,1.6481,14.5806,297.36,78,73,0.97,CG,2021-04-03 18:24:02
118,Nemuro,43.3236,145.575,277.21,95,100,5.54,JP,2021-04-03 18:24:02
119,Aswan,24.0934,32.907,295.46,13,3,4.84,EG,2021-04-03 18:24:02
120,Leh,34.1667,77.5833,270.04,32,0,1.15,IN,2021-04-03 18:24:03
121,Katsuura,35.1333,140.3,289.82,79,83,0.89,JP,2021-04-03 18:24:03
122,Yunhe,34.0833,119.7167,278.74,61,75,3.88,CN,2021-04-03 18:24:03
123,Colares,38.7992,-9.4469,289.26,77,20,8.23,PT,2021-04-03 18:24:04
124,Olafsvik,64.8945,-23.7142,277.75,95,100,9.56,IS,2021-04-03 18:24:04
125,Mosquera,4.7059,-74.2302,292.15,52,75,4.63,CO,2021-04-03 18:24:04
126,George,-33.963,22.4617,291.15,63,0,1.03,ZA,2021-04-03 18:24:05
127,Alyangula,-13.8483,136.4192,299.4,72,87,3.72,AU,2021-04-03 18:24:05
128,Saint George,37.1041,-113.5841,298.71,21,1,1.54,US,2021-04-03 18:24:05
129,Namibe,-15.1961,12.1522,298.55,80,59,5.06,AO,2021-04-03 18:24:06
130,Filingue,14.3521,3.3168,304.44,6,1,3.75,NE,2021-04-03 18:24:06
131,Sakakah,29.9697,40.2064,290.15,19,0,3.6,SA,2021-04-03 18:24:06
132,Okhotsk,59.3833,143.3,267.94,71,100,5.48,RU,2021-04-03 18:24:07
133,Afua,-0.1567,-50.3867,302.32,71,62,2.87,BR,2021-04-03 18:24:07
134,Asyut,27.181,31.1837,291.15,36,0,5.66,EG,2021-04-03 18:24:07
135,Mahebourg,-20.4081,57.7,300.15,83,40,3.09,MU,2021-04-03 18:24:08
136,New Norfolk,-42.7826,147.0587,289.15,44,75,4.63,AU,2021-04-03 18:24:08
137,Te Anau,-45.4167,167.7167,285.93,77,29,5.89,NZ,2021-04-03 18:24:08
138,Shimoda,34.6667,138.95,289.26,72,84,0.89,JP,2021-04-03 18:24:09
139,Kem,64.9555,34.5793,270.56,91,44,2.48,RU,2021-04-03 18:24:09
140,Shizunai,42.3339,142.3669,278.95,96,100,3.32,JP,2021-04-03 18:24:10
141,Port Lincoln,-34.7333,135.8667,292.75,62,0,1.14,AU,2021-04-03 18:24:10
142,Amga,60.8953,131.9608,245.3,100,65,0.56,RU,2021-04-03 18:24:10
143,Hervey Bay,-25.2986,152.8535,295.37,90,100,1.34,AU,2021-04-03 18:19:24
144,Kita,13.0349,-9.4895,312.11,4,48,2.27,ML,2021-04-03 18:24:11
145,Ostrovnoy,68.0531,39.5131,264.5,94,40,4.01,RU,2021-04-03 18:24:11
146,Central Point,42.376,-122.9164,289.26,50,1,0.81,US,2021-04-03 18:20:14
147,Eyl,7.9803,49.8164,300.34,73,7,3.9,SO,2021-04-03 18:24:11
148,Vostok,46.4856,135.8833,267.43,66,48,2.95,RU,2021-04-03 18:24:12
149,Aginskoye,51.1,114.53,272.83,62,47,3.79,RU,2021-04-03 18:24:12
150,Christchurch,-43.5333,172.6333,285.93,100,3,1.03,NZ,2021-04-03 18:21:32
151,Thompson,55.7435,-97.8558,277.15,45,75,4.63,CA,2021-04-03 18:24:13
152,Uttaradit,17.6667,100.5,297.92,75,93,0.53,TH,2021-04-03 18:24:13
153,Kumba,4.6363,9.4469,298.81,81,78,1.63,CM,2021-04-03 18:24:13
154,Labrea,-7.2586,-64.7981,304.83,59,99,1.48,BR,2021-04-03 18:24:14
155,Peace River,56.2501,-117.286,275.15,64,75,4.63,CA,2021-04-03 18:24:14
156,Bambous Virieux,-20.3428,57.7575,300.37,83,40,3.09,MU,2021-04-03 18:24:15
157,Bobrovka,54.047,61.7455,271.92,94,97,4.0,RU,2021-04-03 18:24:15
158,Puksoozero,62.5903,40.6066,269.02,96,87,0.83,RU,2021-04-03 18:24:16
159,Kamenka,51.3223,42.7678,274.82,93,100,4.35,RU,2021-04-03 18:24:16
160,Jiuquan,39.7432,98.5174,279.27,73,100,3.13,CN,2021-04-03 18:24:17
161,Atoyac,20.0167,-103.5333,298.15,29,75,2.57,MX,2021-04-03 18:24:17
162,Saint-Pierre,-21.3393,55.4781,299.15,73,20,2.06,RE,2021-04-03 18:24:17
163,Bathsheba,13.2167,-59.5167,301.15,54,40,10.8,BB,2021-04-03 18:24:18
164,Henties Bay,-22.116,14.2845,291.48,84,3,0.45,NA,2021-04-03 18:24:18
165,Deputatskiy,69.3,139.9,247.81,100,100,0.87,RU,2021-04-03 18:24:18
166,Atuona,-9.8,-139.0333,300.51,73,94,6.75,PF,2021-04-03 18:22:19
167,Hilo,19.7297,-155.09,294.26,83,75,1.54,US,2021-04-03 18:24:19
168,Rtishchevo,52.2604,43.7874,273.32,98,100,4.45,RU,2021-04-03 18:24:19
169,Saint-Philippe,-21.3585,55.7679,299.15,73,20,2.06,RE,2021-04-03 18:24:19
170,Kanniyakumari,8.0833,77.5667,300.43,76,97,9.01,IN,2021-04-03 18:19:27
171,Half Moon Bay,37.4636,-122.4286,288.15,66,90,1.54,US,2021-04-03 18:24:20
172,Lagoa,39.05,-27.9833,288.31,90,82,13.62,PT,2021-04-03 18:24:21
173,Caravelas,-17.7125,-39.2481,300.54,70,82,3.49,BR,2021-04-03 18:24:21
174,Ozernovskiy,51.5,156.5167,274.09,89,100,10.13,RU,2021-04-03 18:24:21
175,Peruibe,-24.32,-46.9983,299.29,63,26,2.3,BR,2021-04-03 18:22:35
176,Bethel,41.3712,-73.414,282.15,21,1,4.12,US,2021-04-03 18:24:22
177,Rawson,-43.3002,-65.1023,299.73,33,6,7.09,AR,2021-04-03 18:24:22
178,Khani,41.9563,42.9566,284.15,87,75,2.57,GE,2021-04-03 18:24:23
179,Oyama,36.3,139.8,291.48,93,75,0.51,JP,2021-04-03 18:24:23
180,Sept-Iles,50.2001,-66.3821,271.48,59,75,5.14,CA,2021-04-03 18:23:17
181,Puerto Leguizamo,-0.1934,-74.7819,299.49,89,100,1.1,CO,2021-04-03 18:24:23
182,Portland,45.5234,-122.6762,285.93,66,75,1.54,US,2021-04-03 18:16:10
183,Bredasdorp,-34.5322,20.0403,290.15,77,5,3.09,ZA,2021-04-03 18:24:24
184,Sao Filipe,14.8961,-24.4956,297.42,66,14,3.72,CV,2021-04-03 18:24:24
185,San Cristobal,7.7669,-72.225,303.15,62,40,5.14,VE,2021-04-03 18:24:25
186,Sola,-13.8833,167.55,300.15,94,75,7.11,VU,2021-04-03 18:24:25
187,Carbonia,39.1672,8.5222,290.93,82,20,3.09,IT,2021-04-03 18:22:59
188,Lata,40.1629,-8.3327,290.37,90,53,1.34,PT,2021-04-03 18:24:26
189,Santa Marta,11.2408,-74.199,305.93,58,100,5.82,CO,2021-04-03 18:24:26
190,Karera,25.4667,78.15,300.38,7,0,1.06,IN,2021-04-03 18:24:26
191,Komsomolskiy,40.4272,71.7189,282.15,49,75,1.03,UZ,2021-04-03 18:24:27
192,Lasa,46.6166,10.7002,287.15,52,0,2.06,IT,2021-04-03 18:24:27
193,Yumen,40.2833,97.2,280.1,59,100,5.57,CN,2021-04-03 18:24:27
194,Ajdabiya,30.7554,20.2263,298.22,19,0,3.85,LY,2021-04-03 18:24:28
195,Nanakuli,21.3906,-158.1547,296.15,64,1,3.6,US,2021-04-03 18:24:28
196,Piacabucu,-10.4056,-36.4344,302.19,63,4,4.51,BR,2021-04-03 18:24:29
197,Galesong,-5.3166,119.3661,297.15,100,20,1.03,ID,2021-04-03 18:24:30
198,Nkhotakota,-12.9274,34.2961,295.95,86,22,2.15,MW,2021-04-03 18:24:30
199,Urusha,54.05,122.9,265.74,97,100,1.12,RU,2021-04-03 18:24:30
200,Muisne,0.6,-80.0333,302.15,84,75,2.06,EC,2021-04-03 18:24:31
201,Juneau,58.3019,-134.4197,275.93,80,75,1.54,US,2021-04-03 18:24:31
202,Mollet Del Valles,41.5403,2.2131,290.37,63,0,3.6,ES,2021-04-03 18:24:31
203,Moate,53.55,-7.7167,283.15,73,10,2.24,IE,2021-04-03 18:24:32
204,Tezu,27.9167,96.1667,293.43,36,0,2.44,IN,2021-04-03 18:24:32
205,Samarai,-10.6167,150.6667,301.3,77,96,6.44,PG,2021-04-03 18:24:32
206,Mezen,65.8522,44.24,266.77,95,55,0.21,RU,2021-04-03 18:24:33
207,Daru,-9.0763,143.2092,297.52,91,100,7.28,PG,2021-04-03 18:24:33
208,Lompoc,34.6391,-120.4579,287.15,67,32,4.73,US,2021-04-03 18:20:54
209,Les Cayes,18.2,-73.75,300.26,66,34,3.15,HT,2021-04-03 18:24:34
210,Phan Thiet,10.9333,108.1,298.15,87,82,3.25,VN,2021-04-03 18:24:34
211,Byron Bay,-28.65,153.6167,296.15,78,98,4.04,AU,2021-04-03 18:22:25
212,Sisimiut,66.9395,-53.6735,262.87,58,0,5.22,GL,2021-04-03 18:24:34
213,Santa Rosa,14.3122,121.1114,299.82,78,20,2.57,PH,2021-04-03 18:24:35
214,Sitka,57.0531,-135.33,276.15,87,75,2.57,US,2021-04-03 18:24:35
215,Ancud,-41.8697,-73.8203,293.15,55,0,2.06,CL,2021-04-03 18:24:35
216,Dunedin,-45.8742,170.5036,285.61,48,57,3.89,NZ,2021-04-03 18:24:36
217,San Rafael Del Sur,11.8485,-86.4384,306.15,46,40,10.29,NI,2021-04-03 18:24:36
218,Luwuk,-0.9516,122.7875,299.57,78,97,1.95,ID,2021-04-03 18:24:36
219,Santa Cruz,-17.8,-63.1667,303.15,58,75,1.03,BO,2021-04-03 18:23:56
220,Dzerzhinskoye,56.8344,95.2283,273.9,97,100,4.66,RU,2021-04-03 18:24:37
221,Havelock,34.8791,-76.9013,285.93,28,1,3.6,US,2021-04-03 18:21:01
222,Faya,18.3851,42.4509,293.15,77,0,2.06,SA,2021-04-03 18:24:37
223,Cabo San Lucas,22.8909,-109.9124,303.15,39,20,2.06,MX,2021-04-03 18:24:38
224,Pangnirtung,66.1451,-65.7125,254.15,55,1,2.06,CA,2021-04-03 18:24:38
225,Oshawa,43.9001,-78.8496,279.82,56,20,5.66,CA,2021-04-03 18:20:05
226,Riohacha,11.5444,-72.9072,301.93,65,100,4.63,CO,2021-04-03 18:24:38
227,Conakry,9.538,-13.6773,303.15,70,40,5.14,GN,2021-04-03 18:24:39
228,Killybegs,54.6333,-8.45,284.15,61,0,6.17,IE,2021-04-03 18:24:39
229,Cam Ranh,11.9214,109.1591,300.15,78,20,2.06,VN,2021-04-03 18:24:40
230,Dergachi,51.2328,48.7659,275.49,96,68,4.09,RU,2021-04-03 18:21:11
231,Cidreira,-30.1811,-50.2056,297.17,67,0,5.94,BR,2021-04-03 18:24:41
232,Camabatela,-8.1881,15.375,291.32,96,97,1.42,AO,2021-04-03 18:24:41
233,Natal,-5.795,-35.2094,302.15,74,75,6.69,BR,2021-04-03 18:20:35
234,Narsaq,60.9167,-46.05,278.15,81,75,2.57,GL,2021-04-03 18:24:42
235,Luderitz,-26.6481,15.1594,295.77,53,0,7.04,NA,2021-04-03 18:24:42
236,Norman Wells,65.282,-126.8329,256.15,71,75,2.06,CA,2021-04-03 18:24:42
237,Bangkal,6.0667,121.0667,299.13,84,99,0.73,PH,2021-04-03 18:24:43
238,Olonets,60.9847,32.9698,272.99,94,95,2.07,RU,2021-04-03 18:24:43
239,Nouadhibou,20.931,-17.0347,294.15,73,95,9.77,MR,2021-04-03 18:24:43
240,Severo-Kurilsk,50.6789,156.125,274.05,93,100,9.33,RU,2021-04-03 18:24:44
241,Noumea,-22.2763,166.4572,298.15,94,90,3.6,NC,2021-04-03 18:24:44
242,Bambanglipuro,-7.95,110.2833,298.45,88,93,1.42,ID,2021-04-03 18:24:45
243,Nsanje,-16.92,35.262,299.01,63,34,1.29,MW,2021-04-03 18:24:45
244,Port Augusta,-32.5,137.7667,292.15,72,0,3.09,AU,2021-04-03 18:24:45
245,Ilula,-7.6766,36.0366,294.15,68,75,2.05,TZ,2021-04-03 18:24:46
246,Jiazi,22.8779,116.067,297.27,86,0,1.84,CN,2021-04-03 18:24:46
247,Kodiak,57.79,-152.4072,281.15,61,1,3.6,US,2021-04-03 18:24:47
248,Quatre Cocos,-20.2078,57.7625,300.37,83,40,3.09,MU,2021-04-03 18:24:48
249,Mehran,33.1222,46.1646,280.15,61,0,3.09,IR,2021-04-03 18:24:49
250,Bakel,14.905,-12.4568,313.28,7,4,3.52,SN,2021-04-03 18:24:50
251,Merauke,-8.4667,140.3333,297.25,91,98,3.37,ID,2021-04-03 18:24:50
252,Desaguadero,-16.5656,-69.0417,284.83,54,94,4.62,PE,2021-04-03 18:24:51
253,Hobyo,5.3505,48.5268,301.44,72,8,5.72,SO,2021-04-03 18:24:51
254,Georgetown,5.4112,100.3354,302.04,89,20,2.57,MY,2021-04-03 18:24:52
255,Karratha,-20.7377,116.8463,301.37,51,43,2.43,AU,2021-04-03 18:24:52
256,Dushanbe,38.5577,68.7797,287.15,44,90,2.0,TJ,2021-04-03 18:24:52
257,Klaksvik,62.2266,-6.589,280.15,87,90,13.38,FO,2021-04-03 18:24:53
258,Matucana,-11.85,-76.4,291.83,79,87,3.62,PE,2021-04-03 18:24:53
259,Hualmay,-11.0964,-77.6139,297.42,69,84,3.15,PE,2021-04-03 18:24:53
260,Bintulu,3.1667,113.0333,299.15,89,20,1.03,MY,2021-04-03 18:24:54
261,Ughelli,5.4899,6.0074,302.19,68,71,4.4,NG,2021-04-03 18:24:54
262,Tsiroanomandidy,-18.7667,46.0333,292.92,85,19,0.33,MG,2021-04-03 18:24:55
263,Anchorage,61.2181,-149.9003,272.59,69,90,0.68,US,2021-04-03 18:21:33
264,Vestmannaeyjar,63.4427,-20.2734,279.15,93,90,13.38,IS,2021-04-03 18:24:55
265,Winnemucca,40.973,-117.7357,292.15,13,1,1.54,US,2021-04-03 18:24:56
266,Alexandria,31.2156,29.9553,290.15,55,0,3.6,EG,2021-04-03 18:16:37
267,Acapulco,16.8634,-99.8901,304.15,55,1,4.12,MX,2021-04-03 18:24:56
268,Ayr,55.4627,-4.6339,283.71,66,0,4.63,GB,2021-04-03 18:20:25
269,Rio Gallegos,-51.6226,-69.2181,283.15,46,75,11.32,AR,2021-04-03 18:24:57
270,Boyolangu,-8.1181,111.8935,298.16,88,94,1.35,ID,2021-04-03 18:24:57
271,Ahipara,-35.1667,173.1667,288.43,88,30,0.27,NZ,2021-04-03 18:24:57
272,Hovd,48.0056,91.6419,272.51,29,0,1.14,MN,2021-04-03 18:24:58
273,Calvinia,-31.4707,19.776,296.11,34,0,2.15,ZA,2021-04-03 18:24:58
274,Lebu,-37.6167,-73.65,289.59,68,10,5.85,CL,2021-04-03 18:24:58
275,Oktyabrskiy,54.4815,53.471,274.08,99,100,1.31,RU,2021-04-03 18:24:59
276,Makakilo City,21.3469,-158.0858,296.15,64,1,3.6,US,2021-04-03 18:24:59
277,Mpongwe,-13.5091,28.155,293.53,74,96,2.7,ZM,2021-04-03 18:25:00
278,Bonavista,48.6499,-53.1147,286.15,54,96,3.6,CA,2021-04-03 18:25:00
279,Ilulissat,69.2167,-51.1,259.15,66,40,4.63,GL,2021-04-03 18:25:00
280,Palmer,42.1584,-72.3287,282.59,17,1,6.17,US,2021-04-03 18:24:02
281,Ambon,-3.6954,128.1814,300.86,78,93,3.16,ID,2021-04-03 18:25:01
282,Dikson,73.5069,80.5464,244.75,83,20,2.59,RU,2021-04-03 18:25:01
283,Puntarenas,9.9763,-84.8384,298.15,50,75,11.32,CR,2021-04-03 18:25:02
284,Yaan,7.3833,8.5667,307.18,11,86,1.6,NG,2021-04-03 18:25:02
285,Alice Springs,-23.7,133.8833,288.15,77,0,3.09,AU,2021-04-03 18:25:04
286,Longyearbyen,78.2186,15.6401,266.15,68,75,6.17,SJ,2021-04-03 18:25:05
287,Tyret Pervaya,53.6703,102.3106,269.81,98,100,0.4,RU,2021-04-03 18:25:05
288,Jutai,-5.1833,-68.9,300.2,88,99,0.96,BR,2021-04-03 18:25:05
289,Sawakin,19.1059,37.3321,297.63,54,11,6.54,SD,2021-04-03 18:25:06
290,Ambilobe,-13.2,49.05,297.06,92,11,1.4,MG,2021-04-03 18:22:05
291,Clyde River,70.4692,-68.5914,250.15,70,20,1.54,CA,2021-04-03 18:22:26
292,Verkhnyaya Inta,65.9811,60.3094,266.76,96,100,1.99,RU,2021-04-03 18:25:06
293,Totana,37.7688,-1.5023,289.82,82,75,2.57,ES,2021-04-03 18:25:07
294,Tiksi,71.6872,128.8694,246.91,99,100,2.62,RU,2021-04-03 18:25:07
295,Sinnamary,5.3833,-52.95,300.4,82,91,4.54,GF,2021-04-03 18:25:08
296,San Luis,-33.295,-66.3356,298.61,39,19,4.02,AR,2021-04-03 18:21:12
297,Danville,36.586,-79.395,286.48,22,1,2.06,US,2021-04-03 18:25:08
298,Pochutla,15.7432,-96.4661,306.48,51,20,5.66,MX,2021-04-03 18:25:09
299,Alofi,-19.0595,-169.9187,293.15,100,80,0.51,NU,2021-04-03 18:20:24
300,Flinders,-34.5833,150.8552,290.37,88,8,0.45,AU,2021-04-03 18:25:09
301,Methoni,36.8197,21.7049,288.71,82,40,2.06,GR,2021-04-03 18:25:10
302,Monrovia,6.3005,-10.7969,303.15,74,61,3.55,LR,2021-04-03 18:25:10
303,Kloulklubed,7.0419,134.2556,297.15,94,75,4.16,PW,2021-04-03 18:25:10
304,Jijila,45.3,28.15,280.37,87,75,4.63,RO,2021-04-03 18:25:11
305,Sumbe,-11.2061,13.8437,299.95,85,69,2.77,AO,2021-04-03 18:25:11
306,Hamilton,39.1834,-84.5333,288.15,24,1,4.63,US,2021-04-03 18:24:42
307,Lahaina,20.8783,-156.6825,295.15,83,40,3.6,US,2021-04-03 18:21:40
308,Port Hedland,-20.3167,118.5667,296.15,68,40,2.57,AU,2021-04-03 18:25:12
309,Black Forest,39.0131,-104.7008,294.26,7,1,3.6,US,2021-04-03 18:25:12
310,Prince Rupert,54.3161,-130.3201,278.15,75,90,4.12,CA,2021-04-03 18:25:13
311,Khatanga,71.9667,102.5,239.27,93,13,1.89,RU,2021-04-03 18:25:13
312,Constitucion,-35.3333,-72.4167,292.75,56,2,4.42,CL,2021-04-03 18:25:13
313,Grindavik,63.8424,-22.4338,279.15,100,90,13.38,IS,2021-04-03 18:25:14
314,Gondar,12.6,37.4667,290.41,68,90,4.3,ET,2021-04-03 18:25:14
315,Nueve De Julio,-35.4444,-60.8831,299.26,65,35,1.79,AR,2021-04-03 18:25:15
316,Hofn,64.2539,-15.2082,279.48,82,100,7.11,IS,2021-04-03 18:25:15
317,Garowe,8.4054,48.4845,300.68,53,10,6.22,SO,2021-04-03 18:25:15
318,Rabaul,-4.1967,152.1721,299.91,80,90,1.67,PG,2021-04-03 18:25:16
319,Taltal,-25.4,-70.4833,294.0,71,46,3.15,CL,2021-04-03 18:25:16
320,Galveston,29.3669,-94.9669,294.26,52,90,4.12,US,2021-04-03 18:25:07
321,Florida,28.7505,-82.5001,297.04,40,40,3.6,US,2021-04-03 18:25:16
322,Novolakskoye,43.1195,46.4828,281.14,70,44,2.7,RU,2021-04-03 18:25:17
323,Morant Bay,17.8815,-76.4093,302.15,61,75,4.63,JM,2021-04-03 18:25:17
324,Port-Gentil,-0.7193,8.7815,298.15,88,20,1.03,GA,2021-04-03 18:25:17
325,Indiana,40.0003,-86.2503,289.15,31,1,7.72,US,2021-04-03 18:21:06
326,Cherskiy,68.75,161.3,242.51,97,52,2.18,RU,2021-04-03 18:25:18
327,Kurilsk,45.2333,147.8833,276.5,97,100,7.56,RU,2021-04-03 18:25:18
328,Farmington,36.7281,-108.2187,294.15,19,1,2.06,US,2021-04-03 18:25:18
329,Les Escoumins,48.1111,-69.0236,273.15,55,91,5.14,CA,2021-04-03 18:25:19
330,Boysun,38.2061,67.1986,285.97,45,95,3.53,UZ,2021-04-03 18:25:19
331,Waddan,29.1614,16.139,298.8,13,46,4.73,LY,2021-04-03 18:25:20
332,Santa,17.486,120.4348,298.38,88,0,1.39,PH,2021-04-03 18:25:20
333,Pekalongan,-6.8886,109.6753,299.81,81,95,3.29,ID,2021-04-03 18:25:20
334,Parakai,-36.65,174.4333,288.15,94,79,0.45,NZ,2021-04-03 18:25:21
335,Padang,-0.9492,100.3543,296.15,94,90,3.6,ID,2021-04-03 18:24:30
336,Santa Vitoria Do Palmar,-33.5189,-53.3681,296.57,54,24,4.42,BR,2021-04-03 18:25:21
337,Grand Gaube,-20.0064,57.6608,300.37,78,6,1.79,MU,2021-04-03 18:25:22
338,Kieta,-6.2167,155.6333,300.06,82,99,1.94,PG,2021-04-03 18:25:22
339,Manama,26.2154,50.5832,296.15,49,0,11.83,BH,2021-04-03 18:21:42
340,Rodrigues Alves,-7.738,-72.6509,300.15,89,75,2.06,BR,2021-04-03 18:25:23
341,Middelburg,-25.7751,29.4648,292.92,36,13,1.49,ZA,2021-04-03 18:25:23
342,Bilibino,68.0546,166.4372,242.45,94,94,2.1,RU,2021-04-03 18:25:23
343,Glasgow,55.8652,-4.2576,285.37,66,50,4.63,GB,2021-04-03 18:22:57
344,Comodoro Rivadavia,-45.8667,-67.5,297.15,35,0,6.17,AR,2021-04-03 18:22:17
345,Yabrud,33.9674,36.6574,284.15,66,0,7.2,SY,2021-04-03 18:25:24
346,Sioux Lookout,50.1001,-91.917,285.15,26,20,6.69,CA,2021-04-03 18:25:24
347,Gorontalo,0.5412,123.0595,297.81,94,31,1.84,ID,2021-04-03 18:25:25
348,Katy,29.7858,-95.8244,292.59,61,92,5.24,US,2021-04-03 18:25:25
349,Sri Aman,1.2376,111.4621,296.15,94,89,0.38,MY,2021-04-03 18:25:25
350,Bubaque,11.2833,-15.8333,297.93,80,76,7.22,GW,2021-04-03 18:25:26
351,Yulara,-25.2406,130.9889,292.15,45,0,2.57,AU,2021-04-03 18:23:49
352,Iqaluit,63.7506,-68.5145,255.37,60,20,1.03,CA,2021-04-03 18:25:26
353,Port Moresby,-9.4431,147.1797,296.15,100,90,5.14,PG,2021-04-03 18:25:27
354,Awbari,26.5921,12.7805,297.69,11,1,5.3,LY,2021-04-03 18:25:27
355,Tiznit,29.5833,-9.5,288.21,67,1,4.29,MA,2021-04-03 18:25:27
356,Talara,-4.5772,-81.2719,301.15,57,0,5.14,PE,2021-04-03 18:25:28
357,Boa Vista,2.8197,-60.6733,308.15,41,75,6.69,BR,2021-04-03 18:25:09
358,Kathmandu,27.7167,85.3167,286.15,50,20,1.03,NP,2021-04-03 18:25:29
359,Irece,-11.3042,-41.8558,306.99,24,10,4.71,BR,2021-04-03 18:22:32
360,Sonoita,31.85,-112.8333,304.26,11,1,2.36,MX,2021-04-03 18:25:29
361,Mirnyy,62.5353,113.9611,245.69,100,53,0.69,RU,2021-04-03 18:25:30
362,Port Elizabeth,-33.918,25.5701,291.15,77,0,6.17,ZA,2021-04-03 18:24:52
363,Poros,37.4994,23.4536,290.37,73,20,1.79,GR,2021-04-03 18:25:30
364,Qasigiannguit,68.8193,-51.1922,259.15,66,40,4.63,GL,2021-04-03 18:25:31
365,Ouadda,8.0777,22.4007,299.42,22,68,1.98,CF,2021-04-03 18:25:31
366,Adrar,20.5022,-10.0711,309.17,5,82,2.58,MR,2021-04-03 18:25:31
367,Upata,8.0086,-62.3989,306.37,36,99,3.31,VE,2021-04-03 18:25:32
368,Dargaville,-35.9333,173.8833,287.21,93,32,1.25,NZ,2021-04-03 18:25:32
369,Bar Harbor,44.3876,-68.2039,279.26,41,1,3.09,US,2021-04-03 18:25:32
370,Surany,48.0861,18.1845,280.93,47,39,6.42,SK,2021-04-03 18:25:33
371,Mayo,38.8876,-76.5119,284.26,31,1,2.57,US,2021-04-03 18:25:33
372,Sao Gabriel Da Cachoeira,-0.1303,-67.0892,301.15,83,75,2.57,BR,2021-04-03 18:25:33
373,Lamu,-2.2717,40.902,302.15,79,40,5.66,KE,2021-04-03 18:24:26
374,Husavik,66.0449,-17.3389,280.15,61,90,3.6,IS,2021-04-03 18:25:34
375,Srednekolymsk,67.45,153.6833,243.46,99,99,0.82,RU,2021-04-03 18:25:35
376,Zhigansk,66.7697,123.3711,249.62,99,99,0.98,RU,2021-04-03 18:25:35
377,Guerrero Negro,27.9769,-114.0611,293.27,59,14,5.18,MX,2021-04-03 18:25:35
378,Pisco,-13.7,-76.2167,297.59,73,0,3.6,PE,2021-04-03 18:24:56
379,Santo Antonio Do Ica,-3.1022,-67.9397,299.41,82,100,1.46,BR,2021-04-03 18:25:36
380,Mabaruma,8.2,-59.7833,299.15,94,90,2.73,GY,2021-04-03 18:25:36
381,Muravlenko,63.7898,74.523,271.75,94,100,3.47,RU,2021-04-03 18:25:36
382,Abnub,27.2696,31.1511,291.15,36,0,5.66,EG,2021-04-03 18:25:37
383,Batemans Bay,-35.7167,150.1833,288.71,96,0,0.89,AU,2021-04-03 18:25:37
384,Contamana,-7.3333,-75.0167,297.8,94,99,0.68,PE,2021-04-03 18:25:37
385,Maceio,-9.6658,-35.7353,303.15,66,75,7.72,BR,2021-04-03 18:25:38
386,Warrnambool,-38.3833,142.4833,286.48,94,0,0.67,AU,2021-04-03 18:25:38
387,Lafiagi,8.8667,5.4167,307.78,18,16,1.98,NG,2021-04-03 18:25:39
388,Saint-Georges,12.0564,-61.7485,302.15,70,40,10.29,GD,2021-04-03 18:25:39
389,Luganville,-15.5333,167.1667,299.71,87,98,2.24,VU,2021-04-03 18:25:39
390,Matli,25.0431,68.6557,303.98,30,0,4.69,PK,2021-04-03 18:25:40
391,Labuhan,-6.8844,112.2051,299.59,84,67,2.35,ID,2021-04-03 18:25:40
392,Mercedes,-34.6515,-59.4307,300.37,51,87,1.79,AR,2021-04-03 18:25:41
393,Severo-Yeniseyskiy,60.3725,93.0408,270.4,95,100,4.16,RU,2021-04-03 18:25:41
394,Somerset,40.5668,-74.5496,284.26,20,1,3.09,US,2021-04-03 18:25:42
395,Tabou,4.423,-7.3528,300.97,78,61,3.07,CI,2021-04-03 18:25:42
396,Port Hawkesbury,45.6169,-61.3485,275.93,100,90,4.12,CA,2021-04-03 18:25:42
397,Tupanatinga,-8.7533,-37.3397,305.12,22,6,5.91,BR,2021-04-03 18:25:43
398,Labytnangi,66.6572,66.4183,259.69,94,21,1.92,RU,2021-04-03 18:25:43
399,Huarmey,-10.0681,-78.1522,297.21,72,65,3.55,PE,2021-04-03 18:25:44
400,Diego De Almagro,-26.3667,-70.05,301.52,19,72,4.83,CL,2021-04-03 18:25:44
401,Parakou,9.3372,2.6303,305.37,12,52,2.05,BJ,2021-04-03 18:25:45
402,Safaga,26.7292,33.9365,295.15,33,0,4.12,EG,2021-04-03 18:25:45
403,San Quintin,30.4833,-115.95,291.99,67,2,6.22,MX,2021-04-03 18:25:45
404,Cherdyn,60.403,56.4787,274.04,99,100,3.77,RU,2021-04-03 18:25:46
405,Iwanai,42.9744,140.5089,277.44,95,100,2.72,JP,2021-04-03 18:25:46
406,Souillac,-20.5167,57.5167,300.15,83,40,3.09,MU,2021-04-03 18:25:46
407,Codrington,-38.2667,141.9667,288.42,94,1,0.93,AU,2021-04-03 18:25:47
408,Mount Isa,-20.7333,139.5,293.15,56,0,2.57,AU,2021-04-03 18:25:47
409,Kobelyaky,49.1489,34.1965,279.98,57,95,2.49,UA,2021-04-03 18:25:48
410,Tilichiki,60.4667,166.1,248.1,99,26,1.95,RU,2021-04-03 18:25:49
411,Kinsale,51.7075,-8.5306,282.59,71,20,3.6,IE,2021-04-03 18:25:49
412,Khovu-Aksy,51.1333,93.6,269.69,60,74,2.03,RU,2021-04-03 18:25:50
413,Tazovskiy,67.4667,78.7,265.89,95,97,5.57,RU,2021-04-03 18:25:50
414,Mednogorsk,51.4128,57.595,274.42,95,99,5.18,RU,2021-04-03 18:25:51
415,Surt,31.2089,16.5887,298.25,29,10,4.82,LY,2021-04-03 18:25:52
416,Manggar,-2.8833,108.2667,299.33,85,55,2.52,ID,2021-04-03 18:25:52
417,Ailigandi,9.2333,-78.0167,299.35,86,95,5.28,PA,2021-04-03 18:25:53
418,Saskylakh,71.9167,114.0833,241.87,100,89,1.09,RU,2021-04-03 18:25:53
419,Paamiut,61.994,-49.6678,273.02,89,100,0.86,GL,2021-04-03 18:25:53
420,Mogadishu,2.0371,45.3438,301.08,80,74,5.57,SO,2021-04-03 18:25:54
421,Bullhead City,35.1478,-114.5683,304.26,9,1,1.54,US,2021-04-03 18:25:54
422,Peraiyur,9.7358,77.7896,301.15,74,20,1.54,IN,2021-04-03 18:25:55
423,Lodja,-3.4833,23.4333,296.46,86,84,0.51,CD,2021-04-03 18:25:55
424,Rio Grande City,26.3798,-98.8203,295.37,67,99,0.89,US,2021-04-03 18:25:55
425,Muncar,-8.4333,114.3333,297.46,90,67,1.01,ID,2021-04-03 18:25:56
426,Chipinge,-20.1883,32.6236,289.73,76,0,1.66,ZW,2021-04-03 18:25:56
427,Port Blair,11.6667,92.75,299.51,76,91,1.37,IN,2021-04-03 18:25:56
428,Kutum,14.2,24.6667,297.51,14,30,5.74,SD,2021-04-03 18:25:57
429,Sawtell,-30.3833,153.1,291.15,88,75,1.54,AU,2021-04-03 18:25:57
430,Pacific Grove,36.6177,-121.9166,286.48,62,90,2.57,US,2021-04-03 18:23:51
431,Filadelfia,39.9523,-75.1638,284.26,23,20,3.09,US,2021-04-03 18:23:18
432,Andros Town,24.7,-77.7667,296.15,53,75,8.75,BS,2021-04-03 18:25:57
433,Krasnoselkup,65.7,82.4667,270.59,95,100,2.07,RU,2021-04-03 18:25:58
434,Shasta Lake,40.6804,-122.3708,293.15,39,1,1.22,US,2021-04-03 18:25:58
435,Rafaela,-31.2503,-61.4867,300.93,34,67,1.34,AR,2021-04-03 18:25:17
436,Thinadhoo,0.5333,72.9333,301.77,75,97,7.41,MV,2021-04-03 18:25:58
437,Lingyuan,41.24,119.4011,276.92,26,67,2.56,CN,2021-04-03 18:25:59
438,Tautira,-17.7333,-149.15,300.15,74,40,2.57,PF,2021-04-03 18:25:59
439,Trinidad,-14.8333,-64.9,301.15,78,75,1.54,BO,2021-04-03 18:26:00
440,Nizhniy Kuranakh,58.8353,125.4869,259.65,97,97,0.62,RU,2021-04-03 18:26:00
441,Petropavlovsk-Kamchatskiy,53.0452,158.6483,273.15,80,75,4.0,RU,2021-04-03 18:26:00
442,Dombarovskiy,50.7587,59.5386,275.72,79,100,6.78,RU,2021-04-03 18:26:01
443,Fort-Shevchenko,44.5086,50.263,280.92,78,13,2.84,KZ,2021-04-03 18:26:01
444,Salgueiro,-8.0742,-39.1192,308.31,23,10,5.17,BR,2021-04-03 18:26:01
445,San Angelo,31.4638,-100.437,289.82,67,90,4.63,US,2021-04-03 18:25:12
446,Phetchabun,16.25,101.0833,300.01,73,70,0.74,TH,2021-04-03 18:26:02
447,Honiara,-9.4333,159.95,298.86,82,88,2.47,SB,2021-04-03 18:26:02
448,Wanxian,30.8039,108.3897,287.1,90,100,2.25,CN,2021-04-03 18:26:03
449,Anadyr,64.75,177.4833,255.37,78,75,10.0,RU,2021-04-03 18:26:03
450,Pappinisseri,11.95,75.35,298.55,74,18,2.41,IN,2021-04-03 18:26:04
451,Neryungri,56.6709,124.6491,253.14,98,71,1.28,RU,2021-04-03 18:26:04
452,Kismayo,-0.3582,42.5454,301.23,81,48,5.0,SO,2021-04-03 18:26:04
453,Mayor Pablo Lagerenza,-19.9309,-60.7718,307.49,31,99,2.95,PY,2021-04-03 18:26:05
454,Floro,61.5996,5.0328,278.15,87,75,6.17,NO,2021-04-03 18:26:05
455,Ascension,30.2169,-90.9001,293.15,40,1,2.8,US,2021-04-03 18:26:06
456,Chapais,49.7834,-74.8492,273.15,27,1,3.09,CA,2021-04-03 18:26:06
457,Pokhara,28.2333,83.9833,290.51,12,0,3.97,NP,2021-04-03 18:26:07
458,Harper,4.375,-7.7169,301.09,77,66,3.31,LR,2021-04-03 18:26:07
459,Tlaxco,19.6167,-98.1167,294.15,24,1,2.57,MX,2021-04-03 18:26:07
460,Odzaci,45.5067,19.2611,279.15,75,0,4.63,RS,2021-04-03 18:26:07
461,Taranagar,28.6709,75.0351,300.19,7,1,3.92,IN,2021-04-03 18:26:08
462,Alghero,40.5589,8.3181,289.15,88,75,1.54,IT,2021-04-03 18:26:08
463,Svetlaya,46.5389,138.3297,273.17,60,86,2.65,RU,2021-04-03 18:26:09
464,Laurinburg,34.7741,-79.4628,288.15,24,1,1.54,US,2021-04-03 18:26:09
465,Pahrump,36.2083,-115.9839,300.37,10,8,1.79,US,2021-04-03 18:23:04
466,Pangai,-19.8,-174.35,297.15,100,75,1.87,TO,2021-04-03 18:26:09
467,Imbituba,-28.24,-48.6703,298.15,69,75,1.03,BR,2021-04-03 18:26:10
468,Leningradskiy,69.3833,178.4167,243.81,93,100,2.05,RU,2021-04-03 18:26:10
469,Beringovskiy,63.05,179.3167,255.24,91,100,7.48,RU,2021-04-03 18:26:10
470,Turukhansk,65.8167,87.9833,262.38,90,98,4.52,RU,2021-04-03 18:21:17
471,Allahabad,25.45,81.85,299.47,6,0,3.68,IN,2021-04-03 18:26:11
472,Talnakh,69.4865,88.3972,248.36,82,1,3.28,RU,2021-04-03 18:26:11
473,Cuenca,-2.8833,-78.9833,294.15,56,75,4.63,EC,2021-04-03 18:26:11
474,Aragarcas,-15.8975,-52.2508,306.15,58,40,1.79,BR,2021-04-03 18:26:12
475,Bemidji,47.4736,-94.8803,287.15,21,1,1.54,US,2021-04-03 18:21:24
476,Serici,44.4653,18.5581,279.15,75,20,1.54,BA,2021-04-03 18:26:12
477,Bumba,2.1833,22.4667,298.6,75,82,1.15,CD,2021-04-03 18:26:13
478,Maarianhamina,60.0973,19.9348,277.15,60,90,2.06,AX,2021-04-03 18:26:13
479,Ixtapa,20.7,-105.2,299.15,78,20,4.63,MX,2021-04-03 18:26:14
480,Kargat,55.1956,80.2811,265.34,95,27,3.34,RU,2021-04-03 18:22:07
481,Okha,53.5739,142.9478,270.81,94,99,10.67,RU,2021-04-03 18:26:14
482,Lazaro Cardenas,17.9583,-102.2,303.92,46,5,4.25,MX,2021-04-03 18:26:14
483,Praia Da Vitoria,38.7333,-27.0667,289.26,94,75,10.96,PT,2021-04-03 18:26:15
484,Jeremie,18.65,-74.1167,299.5,76,19,4.25,HT,2021-04-03 18:26:15
485,Saquena,-4.6667,-73.5167,306.93,44,89,1.16,PE,2021-04-03 18:26:15
486,Nishihara,26.1842,127.7558,296.15,94,75,1.54,JP,2021-04-03 18:26:16
487,San Patricio,28.017,-97.5169,297.15,50,90,6.17,US,2021-04-03 18:26:16
488,Albacete,38.8333,-2.0,286.15,76,0,2.57,ES,2021-04-03 18:26:17
489,Waw,7.7029,27.9953,304.06,15,31,2.43,SS,2021-04-03 18:22:06
490,Vodnyy,63.5046,53.4095,271.0,92,100,1.18,RU,2021-04-03 18:26:17
491,Pouembout,-21.1333,164.9,297.71,92,98,1.99,NC,2021-04-03 18:26:17
492,Nanortalik,60.1432,-45.2371,275.56,99,100,0.6,GL,2021-04-03 18:26:18
493,Karlskoga,59.3267,14.5239,281.15,49,90,5.14,SE,2021-04-03 18:26:18
494,Mareeba,-17.0,145.4333,297.15,88,90,3.6,AU,2021-04-03 18:26:18
495,Malokakhovka,46.7814,33.4479,280.96,52,84,2.21,UA,2021-04-03 18:26:19
496,Faanui,-16.4833,-151.75,300.72,71,63,3.13,PF,2021-04-03 18:26:19
497,Oro Valley,32.3909,-110.9665,303.15,13,0,0.89,US,2021-04-03 18:26:19
498,Branistea,44.6833,25.5833,283.71,93,40,3.6,RO,2021-04-03 18:26:20
499,Whitehorse,60.7161,-135.0538,264.26,62,40,2.06,CA,2021-04-03 18:26:00
500,Vila Franca Do Campo,37.7167,-25.4333,290.15,82,75,8.75,PT,2021-04-03 18:26:20
501,Arya,33.6,73.0667,292.59,36,27,0.45,PK,2021-04-03 18:26:21
502,Aksarka,66.5606,67.7975,261.92,99,43,2.85,RU,2021-04-03 18:26:21
503,Meulaboh,4.1363,96.1285,298.08,83,100,0.4,ID,2021-04-03 18:26:21
504,Elizabeth City,36.2946,-76.2511,284.82,24,1,3.6,US,2021-04-03 18:26:22
505,Najran,17.4924,44.1277,300.15,11,0,2.06,SA,2021-04-03 18:26:22
506,Savonlinna,61.8699,28.88,275.15,75,0,1.54,FI,2021-04-03 18:23:12
507,Sorland,67.667,12.6934,277.67,81,100,10.23,NO,2021-04-03 18:26:23
508,Yatou,37.15,122.3833,279.68,50,74,9.95,CN,2021-04-03 18:26:23
509,Arlit,18.7369,7.3853,301.79,6,9,3.94,NE,2021-04-03 18:26:24
510,Dir,35.2058,71.8756,283.52,39,39,2.66,PK,2021-04-03 18:26:24
511,Omaruru,-21.4333,15.9333,297.58,36,2,2.95,NA,2021-04-03 18:26:24
512,Taoudenni,22.6783,-3.9836,310.24,6,97,5.32,ML,2021-04-03 18:26:25
513,Khash,28.2211,61.2158,297.91,18,0,7.13,IR,2021-04-03 18:26:25
514,Komnina,40.6,21.7833,288.15,38,67,4.12,GR,2021-04-03 18:26:25
515,Ormara,25.2088,64.6357,300.24,70,0,5.55,PK,2021-04-03 18:26:26
516,Buin,-33.7333,-70.75,302.15,28,0,2.06,CL,2021-04-03 18:26:26
517,Vertientes,21.2594,-78.1464,298.15,50,75,9.77,CU,2021-04-03 18:26:26
518,Hienghene,-20.6833,164.9333,297.36,93,97,5.06,NC,2021-04-03 18:26:27
519,Ucluelet,48.9329,-125.5528,282.04,100,90,4.12,CA,2021-04-03 18:26:27
520,Alakurtti,66.9672,30.3491,272.59,78,80,1.73,RU,2021-04-03 18:26:28
521,Charleston,32.7766,-79.9309,289.26,33,1,4.12,US,2021-04-03 18:24:09
522,Marathon,44.9,-89.7668,291.48,25,1,2.06,US,2021-04-03 18:26:28
523,Dukat,62.55,155.55,245.05,99,63,1.06,RU,2021-04-03 18:26:29
524,Paris,48.8534,2.3488,283.71,50,0,6.69,FR,2021-04-03 18:17:15
525,Khoy,38.5504,44.9535,283.36,42,29,2.94,IR,2021-04-03 18:26:29
526,Ottawa,45.4112,-75.6981,283.71,20,20,4.63,CA,2021-04-03 18:16:47
527,Shache,38.4167,77.2406,281.95,45,69,2.68,CN,2021-04-03 18:26:30
528,Lulea,65.5842,22.1547,277.15,75,75,3.6,SE,2021-04-03 18:26:30
529,Valley City,46.9233,-98.0032,291.15,22,75,6.69,US,2021-04-03 18:24:39
530,Kahului,20.8947,-156.47,295.15,83,40,3.6,US,2021-04-03 18:26:31
531,Christiana,-27.914,25.1611,294.74,31,19,3.39,ZA,2021-04-03 18:26:31
532,Burnie,-41.0667,145.9167,286.91,81,3,4.43,AU,2021-04-03 18:22:52
533,El Dorado,38.7666,-120.5177,293.71,24,4,3.35,US,2021-04-03 18:22:20
534,Calama,-22.4667,-68.9333,296.15,16,0,10.8,CL,2021-04-03 18:22:02
535,Shingu,33.7333,135.9833,287.87,86,75,1.12,JP,2021-04-03 18:26:32
536,Victor Harbor,-35.5667,138.6167,293.71,65,0,0.56,AU,2021-04-03 18:26:32
537,Boshnyakovo,49.6333,142.1667,270.41,73,62,7.35,RU,2021-04-03 18:26:32
538,Lima,-12.0432,-77.0282,298.71,61,0,3.09,PE,2021-04-03 18:26:33
539,Juba,4.8517,31.5825,300.92,50,87,2.56,SS,2021-04-03 18:26:33
540,Kendari,-3.945,122.4989,298.52,92,92,1.39,ID,2021-04-03 18:26:34
541,Nagato,34.3833,131.2,290.15,82,75,6.17,JP,2021-04-03 18:26:34
542,Izhma,65.0083,53.9113,267.19,97,96,1.29,RU,2021-04-03 18:26:35
543,Rosarito,32.3333,-117.0333,296.48,82,40,4.93,MX,2021-04-03 18:26:35
544,Kiruna,67.8557,20.2251,275.15,75,90,6.69,SE,2021-04-03 18:26:35
545,Araure,9.5601,-69.2148,307.15,33,64,5.66,VE,2021-04-03 18:26:35
546,Verkhnevilyuysk,63.4453,120.3167,244.12,100,100,0.91,RU,2021-04-03 18:26:36
547,Chapleau,47.8405,-83.4034,281.15,34,90,3.6,CA,2021-04-03 18:26:36
548,General Pico,-35.6566,-63.7568,299.3,45,5,5.11,AR,2021-04-03 18:26:37
549,Pringsewu,-5.3582,104.9744,296.05,96,100,0.52,ID,2021-04-03 18:26:37
550,Shar,49.5886,81.0453,270.8,78,2,1.62,KZ,2021-04-03 18:26:37
551,Prieta,15.5833,-86.1833,300.15,78,75,2.06,HN,2021-04-03 18:26:38
552,Bonthe,7.5264,-12.505,301.71,72,41,4.96,SL,2021-04-03 18:26:38
553,Peniche,39.3558,-9.3811,288.15,85,43,3.58,PT,2021-04-03 18:26:38
554,Fairbanks,64.8378,-147.7164,266.48,86,90,2.06,US,2021-04-03 18:26:39
555,Bembereke,10.2283,2.6634,304.43,10,73,2.14,BJ,2021-04-03 18:26:39
556,Ketchikan,55.3422,-131.6461,275.17,89,72,1.3,US,2021-04-03 18:26:39
557,Morgan City,29.6994,-91.2068,293.71,45,1,3.09,US,2021-04-03 18:26:40
558,Tottori,35.5,134.2333,288.33,84,96,4.18,JP,2021-04-03 18:26:40
559,Mutare,-18.9707,32.6709,289.15,79,8,1.35,ZW,2021-04-03 18:26:41
560,Asfi,32.2994,-9.2372,290.16,70,1,7.22,MA,2021-04-03 18:26:41
561,Kargasok,59.0556,80.8572,274.03,98,100,3.73,RU,2021-04-03 18:26:41
562,Slave Lake,55.2834,-114.769,277.15,60,75,3.09,CA,2021-04-03 18:26:42
563,Altay,47.8667,88.1167,272.22,32,0,4.55,CN,2021-04-03 18:26:42
564,Charters Towers,-20.1,146.2667,292.07,91,6,3.48,AU,2021-04-03 18:26:43
565,Derzhavinsk,51.1,66.3167,273.86,82,100,7.0,KZ,2021-04-03 18:26:43
566,Shunyi,40.125,116.6453,284.26,56,0,2.0,CN,2021-04-03 18:26:44
567,Mount Gambier,-37.8333,140.7667,287.15,94,90,1.52,AU,2021-04-03 18:26:44
